model,MAE,RMSE,MASE,Bias
seasonal_naive,2.3185205853174606,3.0067608119599956,1.732386110530263,1.7317507058913308
naive,3.7832029342185596,4.45910854649494,2.8267888834207504,-0.8824799488705726
mean,3.788833121924255,4.397299694222849,2.8309957293908883,0.48100564606537216
drift,4.3398906744474335,5.117957264105129,3.242742968617251,1.0068021780426912
